feature,importance
cash,0.048219148
entry,0.033888124
oil,0.02557282
encouraged,0.025243899
administrative,0.023259021
free,0.022972578
facilitating,0.01940484
property,0.019340517
menu,0.01477046
clerk,0.01371909
income,0.011888518
data,0.011875893
growing,0.010603176
american,0.008560284
medium,0.008534426
passionate,0.00816329
geographical,0.007917453
science,0.0077216206
leveraging,0.0073871976
sigma,0.007346378
growth,0.00734286
earn,0.007337449
diploma,0.007077979
web,0.006979041
partnered,0.006914156
mail,0.0068280143
website,0.0065991078
accountability,0.00610095
attributed,0.0060826917
complete,0.0056130593
national,0.0055095055
aviation,0.005469846
beneficial,0.0053505134
multi,0.005345743
ensure,0.00517659
secure,0.005119901
world,0.0051181046
highest,0.005108939
link,0.005006197
contracting,0.00493314
university,0.0048647257
price,0.0047377027
candidate,0.004729641
founded,0.0047242604
computer,0.0046494044
town,0.0046094256
creative,0.0045820726
startup,0.004464594
team,0.004393419
discussed,0.004322206
clear,0.004218334
love,0.004193275
email,0.0041532344
help,0.0040996587
user,0.0040453807
non,0.0040278416
cook,0.0039556124
wage,0.003947761
state,0.0038920545
attention,0.0038078104
offshore,0.003753363
permanent,0.0037161866
phone,0.003700773
client,0.0036923257
english,0.0036804834
assistant,0.0035901591
technology,0.003360683
benefit,0.003327231
engineering,0.0032512373
delivering,0.00324669
agent,0.0032197316
responsibility,0.003136401
large,0.0031339747
right,0.0030580875
understanding,0.0030372518
petroleum,0.0030199985
create,0.003003475
process,0.002921824
thank,0.0028717848
similar,0.002865959
want,0.0027858468
exciting,0.0027652653
gas,0.0027542394
development,0.0027146288
school,0.002705549
restaurant,0.0026633556
seeking,0.002612326
agency,0.00257807
developer,0.002575165
thing,0.0025588344
effort,0.0025560409
insurance,0.0025051818
relationship,0.0024862182
employer,0.002464248
duty,0.0024536415
fun,0.002386644
wellness,0.002377374
apply,0.0023574128
experience,0.0023127655
unmatched,0.0022968864
preferred,0.0022953206
excellent,0.002286548
discount,0.0022563976
recruitment,0.0021916085
specialty,0.0021908958
send,0.0021319955
performs,0.0020907838
receptionist,0.002088049
quality,0.0020861756
individual,0.0020657144
previous,0.002055101
know,0.0020478186
retirement,0.0020434558
flexible,0.002043386
operation,0.002042334
buy,0.0020307808
brand,0.0020232063
health,0.0019648592
time,0.0019516316
control,0.0019503636
enterprise,0.0019470386
hotel,0.0019360728
role,0.0019060951
contribution,0.0018928954
willingness,0.0018919432
search,0.0018652518
think,0.0018288239
structure,0.0017883974
answer,0.0017754323
open,0.001766513
join,0.0017629432
specific,0.0017538867
initiate,0.0017426484
pay,0.0017413014
guide,0.001728402
accounting,0.0017251367
exceptional,0.0017099835
owner,0.0017052962
based,0.0017019178
resume,0.001701788
represents,0.001685922
digital,0.0016813612
ensures,0.0016732258
software,0.0016626214
clerical,0.0016359336
hard,0.0016187686
designed,0.0016156853
pride,0.0016011392
cultural,0.0015998213
word,0.0015609299
great,0.001557911
comfortable,0.0015436227
vacation,0.0015401464
new,0.0015296539
ago,0.0015287644
diligence,0.0015233438
professional,0.001513324
strong,0.0015129301
description,0.0015054177
contact,0.0014930473
best,0.0014863551
general,0.0014716253
considered,0.0014676844
beverage,0.001452264
comprehensive,0.0014454463
excel,0.0014209002
driver,0.0014112402
manager,0.00141108
efficient,0.00140417
desirable,0.0014017944
written,0.0013922985
aptitude,0.0013874685
place,0.0013845887
meet,0.0013617727
private,0.0013610047
currently,0.0013511247
includes,0.0013473483
accurately,0.0013435755
sale,0.0013325232
retail,0.0013311091
balance,0.0013307738
hospitality,0.0013193677
highly,0.0013157472
requirement,0.0012914313
country,0.001291357
enjoy,0.0012855992
hiring,0.00128427
relocation,0.0012837619
set,0.0012726743
voice,0.0012661933
sense,0.0012648953
work,0.0012496114
limited,0.0012489799
develops,0.0012346713
solve,0.0012321067
company,0.0012300992
stability,0.0012300812
motivated,0.0012252205
immediate,0.0012242686
object,0.0012238759
series,0.0012221864
type,0.0012097236
visit,0.0012048339
amp,0.0012034302
exceed,0.0011867437
niche,0.0011831762
maximizing,0.001182024
beginning,0.0011772125
establish,0.001167822
half,0.0011664662
calling,0.0011655919
research,0.0011596397
accountant,0.0011590159
perfect,0.0011518694
community,0.0011446677
applicant,0.0011440126
communication,0.0011419716
life,0.0010898263
field,0.0010897066
annual,0.0010853901
earnings,0.0010819924
aker,0.0010797146
offering,0.001078011
java,0.0010762969
include,0.0010710427
focused,0.0010693305
commission,0.0010685202
end,0.0010680032
like,0.0010677229
position,0.0010613332
rep,0.0010520829
located,0.001046945
living,0.00104401
superior,0.001033743
job,0.0010331561
hr,0.0010285586
erp,0.0010279965
manufacturing,0.0010175788
looking,0.0010152762
forward,0.0010087634
let,0.0010032795
nurse,0.0010009096
qualified,0.0009975916
future,0.0009905765
external,0.0009851508
uk,0.0009847851
allows,0.0009835792
money,0.0009783405
microsoft,0.000978221
entrepreneurial,0.0009760114
ability,0.0009759854
opportunity,0.0009725831
understand,0.0009708064
month,0.0009616247
continuously,0.0009595782
dental,0.00095722405
tour,0.00095185125
additional,0.00095004967
successful,0.0009490724
profit,0.0009459638
compliance,0.00094494055
talented,0.00094476907
leader,0.00094457663
service,0.00093967415
telecommunication,0.0009355321
experienced,0.000930411
suite,0.0009282118
learn,0.0009175236
orientation,0.00091190194
challenging,0.00091052783
custom,0.0009054376
mind,0.0009040917
art,0.0008854848
care,0.0008849958
program,0.00087667315
personality,0.0008725988
assist,0.0008547419
duration,0.00085379597
start,0.00085352245
base,0.0008487037
run,0.00084835064
schedule,0.00084014627
powerpoint,0.0008393918
training,0.00083464984
qualification,0.00082867924
legal,0.00081404386
corrective,0.0008138432
proven,0.0008123933
equivalent,0.00080957223
chef,0.0008053094
option,0.0007986409
energetic,0.000797569
need,0.0007958685
marketing,0.00079287356
outlet,0.0007850195
consultant,0.0007847502
term,0.0007802095
oriented,0.0007790865
skill,0.0007764203
tech,0.0007761519
url,0.0007737111
communicate,0.00076721195
frame,0.00076442346
volume,0.00075947103
order,0.00075502915
execute,0.00075149175
high,0.000750888
detailed,0.0007484032
modern,0.0007482575
location,0.00074582396
test,0.0007432653
line,0.0007415243
environmental,0.0007406803
effectiveness,0.0007367509
willing,0.00073466735
serve,0.0007298075
corporate,0.00072634546
minimum,0.00071947806
friday,0.0007159505
infrastructure,0.0007117406
office,0.00071072625
operate,0.0007085061
invoice,0.00070456945
responsible,0.00069998915
bring,0.00069766375
learning,0.00069654005
daily,0.0006963141
contract,0.0006952107
thousand,0.00069173425
goal,0.0006884619
working,0.0006836485
report,0.00067467586
referral,0.00065390585
needed,0.0006497793
effectively,0.00064970495
extremely,0.0006392663
customer,0.0006361823
filing,0.00062935264
resource,0.00062282814
input,0.00062081945
improve,0.0006176481
coordinate,0.0006163167
door,0.00061439874
language,0.0006126527
staffing,0.0006077533
related,0.00060472277
person,0.000602567
various,0.0005951864
bar,0.000594302
involved,0.0005919511
market,0.00059008365
mobile,0.0005834527
equipment,0.0005790828
attribute,0.00057843566
support,0.0005720191
worked,0.0005694289
product,0.0005688519
potential,0.0005668215
representative,0.00056156196
area,0.0005607574
simple,0.0005605961
year,0.0005547325
direction,0.0005500715
fast,0.00054900144
environment,0.0005466877
activity,0.0005443291
video,0.0005387797
resolve,0.000533583
offer,0.0005305794
disability,0.0005295759
procedure,0.0005286016
accordance,0.0005252824
reliable,0.0005239494
promise,0.00052209425
chance,0.0005154865
independently,0.0005122174
cloud,0.0005112017
region,0.000510714
task,0.00050023384
internal,0.00049944676
technical,0.0004953803
title,0.0004952461
internet,0.00049026875
result,0.00048209252
success,0.00048120812
solution,0.00047998023
broad,0.000462891
day,0.00046133905
department,0.00045994652
business,0.00045359213
increase,0.00045068693
knowledge,0.0004479287
make,0.00044644607
perform,0.00044613163
provide,0.00044580322
industry,0.00044250366
able,0.00044173698
using,0.00043788855
contributes,0.0004301494
answering,0.00042667473
small,0.00042608517
city,0.00042370602
payment,0.00041563096
facility,0.00041414567
attitude,0.0004102945
self,0.00041023633
check,0.00040181895
assurance,0.0003998815
online,0.00039473036
range,0.00038613917
energy,0.00038004125
management,0.0003728238
career,0.00036233742
advance,0.0003539705
engineer,0.00035036934
people,0.00034976134
good,0.00033768086
sharing,0.00033461137
database,0.00031884364
current,0.0003157116
application,0.0003117283
personal,0.00030471096
provides,0.0003031021
problem,0.00030058296
evaluate,0.00030049618
level,0.00029962676
solving,0.00029518557
hour,0.00029513598
intervention,0.00029000075
verbal,0.00028402818
required,0.0002694804
class,0.00026476648
achieve,0.00025169124
code,0.00024550338
issue,0.00024042888
organization,0.00023365268
friendly,0.00022933689
figure,0.00022670043
stock,0.00022638835
value,0.00022039667
collateral,0.00021796848
key,0.00021753792
staff,0.00020961171
performance,0.00020770375
recruiting,0.0002041513
driving,0.00020191043
feature,0.00020176031
project,0.00019373411
employee,0.00018461971
design,0.00018441572
information,0.00018353005
maintain,0.00018052745
change,0.0001776617
assigned,0.00017691597
fastest,0.00017641042
global,0.00017581809
plan,0.00016792727
maintenance,0.00016675796
practice,0.00016570128
globe,0.00016564944
package,0.0001649684
background,0.00016473304
leading,0.0001634078
degree,0.00016252055
consulting,0.00015434928
develop,0.00015142003
box,0.00014948865
compensation,0.00014896486
seminar,0.00014892554
including,0.0001447162
opening,0.00014089073
access,0.00013907946
continued,0.00013840338
feedback,0.00013548716
week,0.00013537722
fresh,0.0001326128
million,0.00013205987
member,0.00012155505
relevant,0.00010877634
paced,0.00010284645
lunch,9.862798e-05
available,9.659485e-05
effective,9.6312426e-05
optical,9.587783e-05
require,9.566368e-05
use,9.112804e-05
dynamic,9.088313e-05
question,8.8509114e-05
applicable,8.797747e-05
employment,7.9581725e-05
managing,7.919559e-05
began,7.2101626e-05
story,6.954447e-05
event,6.786363e-05
focus,6.6124994e-05
discipline,6.077091e-05
target,5.906638e-05
providing,5.82959e-05
implement,5.681232e-05
metric,5.637381e-05
outside,4.752338e-05
paid,4.580164e-05
education,4.4792287e-05
addition,3.961201e-05
bursting,2.9843884e-05
network,1.1110118e-05
financial,7.854044e-06
hear,2.9403407e-06
shipping,2.661466e-06
approval,0.0
approve,0.0
approved,0.0
approx,0.0
approximately,0.0
apps,0.0
april,0.0
ar,0.0
arabia,0.0
arabic,0.0
arcgis,0.0
architect,0.0
architecting,0.0
architectural,0.0
architecture,0.0
archive,0.0
arena,0.0
argenta,0.0
argentinian,0.0
arise,0.0
arm,0.0
armed,0.0
arrange,0.0
arrangement,0.0
arranging,0.0
array,0.0
arrogance,0.0
article,0.0
articulate,0.0
artisan,0.0
artist,0.0
asap,0.0
ascii,0.0
asia,0.0
aside,0.0
ask,0.0
asked,0.0
asking,0.0
asos,0.0
aspect,0.0
aspiration,0.0
aspire,0.0
assemble,0.0
assembly,0.0
assertive,0.0
assess,0.0
assessing,0.0
assessment,0.0
asset,0.0
assign,0.0
assigning,0.0
assignment,0.0
assistance,0.0
assisting,0.0
associate,0.0
associated,0.0
association,0.0
assume,0.0
assumption,0.0
assure,0.0
athens,0.0
athlete,0.0
atlanta,0.0
atlas,0.0
atmosphere,0.0
attached,0.0
attain,0.0
attend,0.0
attendance,0.0
attending,0.0
attire,0.0
attn,0.0
attorney,0.0
attract,0.0
attracting,0.0
attractive,0.0
auckland,0.0
auction,0.0
audi,0.0
audience,0.0
audio,0.0
audit,0.0
auditing,0.0
auditor,0.0
augmented,0.0
august,0.0
austin,0.0
australia,0.0
australian,0.0
austria,0.0
authentic,0.0
authentication,0.0
author,0.0
authoring,0.0
authority,0.0
authorization,0.0
authorized,0.0
auto,0.0
autocad,0.0
automate,0.0
automated,0.0
automatic,0.0
automatically,0.0
automating,0.0
automation,0.0
automobile,0.0
automotive,0.0
autonomous,0.0
autonomously,0.0
autonomy,0.0
av,0.0
availability,0.0
avastars,0.0
avenue,0.0
avenuestory,0.0
average,0.0
aviary,0.0
avoid,0.0
award,0.0
awarded,0.0
aware,0.0
awareness,0.0
away,0.0
awesome,0.0
aws,0.0
axonix,0.0
aya,0.0
azure,0.0
ba,0.0
babbel,0.0
babfaafbcdfbccfbeaeed,0.0
bachelor,0.0
backbase,0.0
backbone,0.0
backed,0.0
backend,0.0
backfill,0.0
backlog,0.0
backup,0.0
bad,0.0
badfdbcfcfacdeeddfaeebaabbfca,0.0
bag,0.0
bahrain,0.0
balanced,0.0
balancing,0.0
balderton,0.0
ball,0.0
band,0.0
bangalore,0.0
bank,0.0
banker,0.0
banking,0.0
bankruptcy,0.0
banner,0.0
barcelona,0.0
barrier,0.0
bash,0.0
basic,0.0
basis,0.0
batch,0.0
battery,0.0
bay,0.0
bb,0.0
bbbabaaafffdfbabddaad,0.0
bbc,0.0
bbddeecceeffdaeabfe,0.0
bc,0.0
bcg,0.0
bdaafdeceaabfceafdcafabebebfafbffacaca,0.0
beach,0.0
bean,0.0
bearing,0.0
beat,0.0
beaufort,0.0
beautiful,0.0
beauty,0.0
beck,0.0
bed,0.0
bedrijf,0.0
beer,0.0
begin,0.0
behalf,0.0
behavior,0.0
behavioral,0.0
behaviour,0.0
belgium,0.0
belief,0.0
believe,0.0
belt,0.0
benchmark,0.0
benchmarking,0.0
bend,0.0
bent,0.0
berlin,0.0
bespoke,0.0
bessemer,0.0
beta,0.0
better,0.0
bi,0.0
bibliography,0.0
bid,0.0
bidding,0.0
bidi,0.0
big,0.0
bigger,0.0
biggest,0.0
bij,0.0
bike,0.0
bilingual,0.0
billing,0.0
billion,0.0
birthday,0.0
bit,0.0
bitcoin,0.0
biz,0.0
black,0.0
bleeding,0.0
blend,0.0
blending,0.0
blippar,0.0
block,0.0
blog,0.0
blogger,0.0
blogging,0.0
blue,0.0
bluebridge,0.0
blurred,0.0
board,0.0
boarding,0.0
boast,0.0
boat,0.0
boating,0.0
body,0.0
boeing,0.0
bold,0.0
bonus,0.0
book,0.0
booked,0.0
booking,0.0
bookkeeping,0.0
boost,0.0
bootstrap,0.0
border,0.0
boring,0.0
born,0.0
borrower,0.0
boston,0.0
bought,0.0
boundary,0.0
boundless,0.0
boutique,0.0
bowes,0.0
bowling,0.0
bp,0.0
bradley,0.0
brain,0.0
brainstorm,0.0
brainstorming,0.0
branch,0.0
branded,0.0
branding,0.0
branson,0.0
brazil,0.0
breadth,0.0
break,0.0
breakfast,0.0
breaking,0.0
breakthrough,0.0
breathe,0.0
breed,0.0
bridge,0.0
brief,0.0
briefing,0.0
bright,0.0
brightest,0.0
brilliance,0.0
brilliant,0.0
bringing,0.0
brings,0.0
british,0.0
broadband,0.0
broadcast,0.0
broadcaster,0.0
broader,0.0
brochure,0.0
broken,0.0
broker,0.0
brooklyn,0.0
brother,0.0
brought,0.0
brown,0.0
browser,0.0
brussels,0.0
bsc,0.0
bucharest,0.0
budget,0.0
budgeting,0.0
bug,0.0
build,0.0
builder,0.0
building,0.0
built,0.0
bulgaria,0.0
bull,0.0
bullet,0.0
bulletin,0.0
bunch,0.0
bundle,0.0
bureau,0.0
bureaucracy,0.0
burn,0.0
bus,0.0
busy,0.0
button,0.0
buyer,0.0
bw,0.0
ca,0.0
caaedbcabfaaecaeceadcd,0.0
cabinet,0.0
cable,0.0
caching,0.0
cad,0.0
caf,0.0
cafe,0.0
caffeine,0.0
cake,0.0
calculate,0.0
calculation,0.0
calendar,0.0
caliber,0.0
calibri,0.0
california,0.0
called,0.0
caller,0.0
calm,0.0
came,0.0
camera,0.0
campaign,0.0
campus,0.0
canada,0.0
canadian,0.0
cap,0.0
capability,0.0
capable,0.0
capacity,0.0
capital,0.0
capitalist,0.0
capitalize,0.0
capture,0.0
capturing,0.0
car,0.0
carbon,0.0
card,0.0
cardboard,0.0
careful,0.0
carefully,0.0
caregiver,0.0
carepartners,0.0
caring,0.0
carolina,0.0
carried,0.0
carrier,0.0
carry,0.0
carrying,0.0
cart,0.0
carwow,0.0
case,0.0
casino,0.0
cassandra,0.0
casual,0.0
catch,0.0
category,0.0
catered,0.0
catering,0.0
cause,0.0
cbfcbcdaaaaaeeadadbbccdaafb,0.0
ccebbdaadbfdedbafcffaa,0.0
ccfefdacbaaeebbecdebbaeff,0.0
cdl,0.0
celebrate,0.0
celebrity,0.0
cell,0.0
cellular,0.0
celta,0.0
center,0.0
centered,0.0
central,0.0
centrally,0.0
centre,0.0
centric,0.0
century,0.0
ceo,0.0
cequens,0.0
cerebral,0.0
ceremony,0.0
certain,0.0
certificate,0.0
certification,0.0
certified,0.0
cffaceabdaccedbfdcdbfcacca,0.0
cfo,0.0
chain,0.0
chair,0.0
challenge,0.0
challenged,0.0
champion,0.0
chanel,0.0
changed,0.0
changing,0.0
channel,0.0
chapter,0.0
character,0.0
characteristic,0.0
charge,0.0
charging,0.0
charity,0.0
charlotte,0.0
chart,0.0
charter,0.0
chat,0.0
checking,0.0
cheerful,0.0
chelsea,0.0
chemical,0.0
chemistry,0.0
chi,0.0
chicago,0.0
chief,0.0
child,0.0
childcare,0.0
china,0.0
chinese,0.0
chip,0.0
chiropractic,0.0
choice,0.0
choose,0.0
choosing,0.0
chore,0.0
chosen,0.0
christmas,0.0
chucking,0.0
church,0.0
ci,0.0
cinema,0.0
cioreview,0.0
circuit,0.0
circumstance,0.0
cisco,0.0
citizen,0.0
citizenship,0.0
citrix,0.0
civil,0.0
claim,0.0
clarity,0.0
clarusapex,0.0
classic,0.0
classification,0.0
classified,0.0
classroom,0.0
clean,0.0
cleaner,0.0
cleaning,0.0
cleanliness,0.0
clearance,0.0
clearly,0.0
clever,0.0
click,0.0
clicking,0.0
clientele,0.0
climate,0.0
climb,0.0
clinic,0.0
clinical,0.0
clip,0.0
close,0.0
closed,0.0
closely,0.0
closer,0.0
closing,0.0
closure,0.0
clothing,0.0
club,0.0
cluster,0.0
cm,0.0
cna,0.0
cnc,0.0
coach,0.0
coaching,0.0
coast,0.0
coca,0.0
cocoa,0.0
coder,0.0
coding,0.0
coffee,0.0
coffeescript,0.0
cognos,0.0
cohesive,0.0
cola,0.0
colband,0.0
cold,0.0
collabera,0.0
collaborate,0.0
collaborates,0.0
collaborating,0.0
collaboration,0.0
collaborative,0.0
collaboratively,0.0
collaborator,0.0
colleague,0.0
collect,0.0
collected,0.0
collecting,0.0
collection,0.0
collective,0.0
college,0.0
color,0.0
colorado,0.0
colorful,0.0
columbia,0.0
columbus,0.0
column,0.0
com,0.0
combination,0.0
combine,0.0
combined,0.0
combining,0.0
come,0.0
comedy,0.0
comfort,0.0
coming,0.0
command,0.0
commensurate,0.0
comment,0.0
commerce,0.0
commercial,0.0
commissioning,0.0
commit,0.0
commitment,0.0
committed,0.0
committee,0.0
common,0.0
communicated,0.0
communicates,0.0
communicating,0.0
communicator,0.0
commuter,0.0
comp,0.0
companionship,0.0
companywide,0.0
compare,0.0
compassion,0.0
compassionate,0.0
compatibility,0.0
compatible,0.0
compelling,0.0
compete,0.0
competence,0.0
competency,0.0
competent,0.0
competing,0.0
competition,0.0
competitive,0.0
competitor,0.0
compile,0.0
complaint,0.0
complement,0.0
completed,0.0
completely,0.0
completes,0.0
completing,0.0
completion,0.0
complex,0.0
complexity,0.0
compliant,0.0
complicated,0.0
complimentary,0.0
comply,0.0
component,0.0
composed,0.0
composition,0.0
comprehend,0.0
comprehension,0.0
comprised,0.0
compromise,0.0
computing,0.0
concentration,0.0
concept,0.0
conception,0.0
conceptual,0.0
conceptualize,0.0
concern,0.0
concerning,0.0
concert,0.0
concerted,0.0
concise,0.0
concisely,0.0
conclusion,0.0
concrete,0.0
conde,0.0
condition,0.0
conduct,0.0
conducted,0.0
conducting,0.0
conference,0.0
confidence,0.0
confident,0.0
confidential,0.0
confidentiality,0.0
confidently,0.0
configuration,0.0
configure,0.0
configuring,0.0
confirm,0.0
conflict,0.0
conjunction,0.0
connect,0.0
connected,0.0
connecting,0.0
connection,0.0
connectivity,0.0
connects,0.0
consider,0.0
consideration,0.0
considering,0.0
consignment,0.0
consist,0.0
consistency,0.0
consistent,0.0
consistently,0.0
consisting,0.0
consists,0.0
constant,0.0
constantly,0.0
constraint,0.0
construction,0.0
constructive,0.0
consult,0.0
consultancy,0.0
consultation,0.0
consultative,0.0
consumer,0.0
consumertrack,0.0
consumption,0.0
contacted,0.0
contacting,0.0
container,0.0
contemporary,0.0
content,0.0
contest,0.0
context,0.0
continual,0.0
continually,0.0
continue,0.0
continues,0.0
continuing,0.0
continuity,0.0
continuous,0.0
continuum,0.0
contracted,0.0
contractor,0.0
contractual,0.0
contribute,0.0
contributing,0.0
contributor,0.0
controller,0.0
controlling,0.0
convenient,0.0
conventional,0.0
conversation,0.0
conversational,0.0
conversion,0.0
conversocial,0.0
convert,0.0
converting,0.0
convey,0.0
convinced,0.0
coo,0.0
cooking,0.0
cool,0.0
coolest,0.0
cooling,0.0
cooperate,0.0
cooperation,0.0
cooperative,0.0
coordinating,0.0
coordination,0.0
coordinator,0.0
copenhagen,0.0
copier,0.0
copy,0.0
copywriter,0.0
copywriting,0.0
core,0.0
corner,0.0
cornerstone,0.0
corp,0.0
corporation,0.0
correct,0.0
correcting,0.0
correction,0.0
correctly,0.0
correspondence,0.0
cosmetic,0.0
cost,0.0
costing,0.0
council,0.0
counsel,0.0
counseling,0.0
counselor,0.0
count,0.0
counter,0.0
county,0.0
couple,0.0
coupled,0.0
courier,0.0
course,0.0
coursework,0.0
courteous,0.0
cove,0.0
cover,0.0
coverage,0.0
covered,0.0
covering,0.0
coworkers,0.0
cpa,0.0
cpr,0.0
craft,0.0
crafting,0.0
craftsman,0.0
craftsmanship,0.0
crash,0.0
crazy,0.0
created,0.0
creates,0.0
creating,0.0
creation,0.0
creatively,0.0
creatives,0.0
creativity,0.0
creator,0.0
credential,0.0
credibility,0.0
credit,0.0
crest,0.0
crew,0.0
criminal,0.0
crisis,0.0
criterion,0.0
critical,0.0
crm,0.0
cross,0.0
crossroad,0.0
crowd,0.0
crucial,0.0
cruise,0.0
crusty,0.0
cs,0.0
csd,0.0
csr,0.0
ct,0.0
cto,0.0
cubical,0.0
cubicle,0.0
culinary,0.0
cultivate,0.0
cultivating,0.0
culture,0.0
curate,0.0
curated,0.0
curiosity,0.0
curious,0.0
currency,0.0
curriculum,0.0
curve,0.0
customization,0.0
customize,0.0
customized,0.0
cut,0.0
cutout,0.0
cutting,0.0
cv,0.0
cyber,0.0
cycle,0.0
cyprus,0.0
dabo,0.0
dafbedafddffdfbcda,0.0
dallas,0.0
damage,0.0
dan,0.0
dance,0.0
dark,0.0
dashboard,0.0
datasets,0.0
date,0.0
david,0.0
daycare,0.0
dayton,0.0
db,0.0
dba,0.0
dbdbbecdfdadffeebbcddb,0.0
dbdcdedececedffeaaaacded,0.0
dbdfcdbecfcabaeaacbfdeb,0.0
dc,0.0
dccffcbccaceaeaedbdfcfcafaecaaeed,0.0
deadline,0.0
deaf,0.0
deal,0.0
dealer,0.0
dealership,0.0
dealing,0.0
debit,0.0
debt,0.0
debug,0.0
debugging,0.0
decade,0.0
december,0.0
decide,0.0
decision,0.0
deck,0.0
declara,0.0
dedicated,0.0
dedication,0.0
deep,0.0
deepen,0.0
deeper,0.0
deeply,0.0
defect,0.0
defense,0.0
define,0.0
defined,0.0
defining,0.0
definitely,0.0
definition,0.0
deflockedstate,0.0
defpriority,0.0
defqformat,0.0
defsemihidden,0.0
defunhidewhenused,0.0
del,0.0
delight,0.0
deliver,0.0
deliverable,0.0
delivered,0.0
delivers,0.0
delivery,0.0
dell,0.0
deloitte,0.0
demand,0.0
demanding,0.0
demeanor,0.0
demo,0.0
democracy,0.0
demonstrable,0.0
demonstrate,0.0
demonstrated,0.0
demonstrates,0.0
demonstrating,0.0
demonstration,0.0
denver,0.0
departmental,0.0
depend,0.0
dependable,0.0
dependency,0.0
dependent,0.0
depending,0.0
depends,0.0
deploy,0.0
deployed,0.0
deploying,0.0
deployment,0.0
depop,0.0
deposit,0.0
depth,0.0
deserve,0.0
designated,0.0
designation,0.0
buying,0.0
designer,0.0
designing,0.0
desire,0.0
desired,0.0
desk,0.0
desktop,0.0
destination,0.0
detect,0.0
detection,0.0
determination,0.0
determine,0.0
determined,0.0
determines,0.0
determining,0.0
detroit,0.0
dev,0.0
developed,0.0
developing,0.0
developmental,0.0
device,0.0
devise,0.0
devops,0.0
devoted,0.0
dhaka,0.0
diagnose,0.0
diagnosis,0.0
diagnostic,0.0
diagnostics,0.0
diagram,0.0
dialer,0.0
dice,0.0
die,0.0
diego,0.0
diem,0.0
difference,0.0
different,0.0
differential,0.0
difficult,0.0
dig,0.0
dilbeck,0.0
dimensional,0.0
ding,0.0
dining,0.0
dinner,0.0
direct,0.0
directed,0.0
directing,0.0
directive,0.0
directly,0.0
director,0.0
directory,0.0
directs,0.0
directv,0.0
dirt,0.0
dirty,0.0
disaster,0.0
disbursement,0.0
discharge,0.0
disciplinary,0.0
disciplined,0.0
discounted,0.0
discover,0.0
discovering,0.0
discovery,0.0
discrepancy,0.0
discretion,0.0
discus,0.0
discussing,0.0
discussion,0.0
disease,0.0
dish,0.0
disney,0.0
dispatch,0.0
display,0.0
disrupt,0.0
disrupted,0.0
disrupting,0.0
disruptive,0.0
distance,0.0
distinct,0.0
distribute,0.0
distributed,0.0
distributing,0.0
distribution,0.0
distributor,0.0
district,0.0
dive,0.0
diverse,0.0
diversity,0.0
division,0.0
django,0.0
dna,0.0
dns,0.0
doc,0.0
doctor,0.0
document,0.0
documentation,0.0
documented,0.0
documenting,0.0
doe,0.0
doer,0.0
dog,0.0
dollar,0.0
domain,0.0
domestic,0.0
donor,0.0
dopios,0.0
dot,0.0
double,0.0
doubling,0.0
download,0.0
downtime,0.0
downtown,0.0
dozen,0.0
dr,0.0
draft,0.0
drafting,0.0
draw,0.0
drawer,0.0
drawing,0.0
dream,0.0
dress,0.0
dressing,0.0
dried,0.0
drilling,0.0
drink,0.0
drive,0.0
driven,0.0
drop,0.0
dropbox,0.0
drug,0.0
drupal,0.0
dry,0.0
dubai,0.0
dublin,0.0
dust,0.0
dutch,0.0
dynamically,0.0
dyson,0.0
ea,0.0
ead,0.0
eager,0.0
eagerness,0.0
early,0.0
earned,0.0
earning,0.0
ease,0.0
easier,0.0
easiest,0.0
easily,0.0
east,0.0
easy,0.0
eat,0.0
ebay,0.0
ec,0.0
ecafbfecaefbcdcfbebadcacdddbae,0.0
echoing,0.0
eclipse,0.0
ecommerce,0.0
economic,0.0
economics,0.0
economy,0.0
ecosystem,0.0
ed,0.0
edcbafbeedcdbdeccddacfdf,0.0
edge,0.0
edit,0.0
editd,0.0
editing,0.0
editor,0.0
editorial,0.0
educate,0.0
educated,0.0
educating,0.0
educational,0.0
educator,0.0
ee,0.0
eefcfabbfbfccccecbbcafaabdbfccfd,0.0
een,0.0
eeoicp,0.0
effect,0.0
efficiency,0.0
efficiently,0.0
efounders,0.0
ego,0.0
ehs,0.0
el,0.0
elasticsearch,0.0
elearning,0.0
electric,0.0
electrical,0.0
electrician,0.0
electricity,0.0
electronic,0.0
electronics,0.0
elegant,0.0
element,0.0
eligibility,0.0
eligible,0.0
eliminating,0.0
elite,0.0
embark,0.0
embedded,0.0
ember,0.0
embrace,0.0
emea,0.0
emergency,0.0
emerging,0.0
emission,0.0
emmanuel,0.0
emotional,0.0
empathy,0.0
emphasis,0.0
employ,0.0
employed,0.0
employing,0.0
empower,0.0
empowered,0.0
empowering,0.0
empowers,0.0
en,0.0
enable,0.0
enabled,0.0
enables,0.0
enabling,0.0
encourage,0.0
encourages,0.0
encouraging,0.0
endeavor,0.0
ending,0.0
endless,0.0
enforce,0.0
enforcement,0.0
enforcing,0.0
engage,0.0
engaged,0.0
engagement,0.0
engages,0.0
engaging,0.0
engine,0.0
england,0.0
enhance,0.0
enhanced,0.0
enhancement,0.0
enhances,0.0
enhancing,0.0
enjoyable,0.0
enjoyed,0.0
enjoying,0.0
enjoys,0.0
enquiry,0.0
enrichment,0.0
enrolled,0.0
enrollment,0.0
enrolment,0.0
ensuring,0.0
entail,0.0
enter,0.0
entered,0.0
entering,0.0
entertainment,0.0
enthusiasm,0.0
enthusiastic,0.0
entire,0.0
entirely,0.0
entitlement,0.0
entity,0.0
entrepreneur,0.0
entrepreneurship,0.0
envelope,0.0
enviable,0.0
envision,0.0
eoe,0.0
epsilon,0.0
equal,0.0
equality,0.0
equally,0.0
equinix,0.0
equipped,0.0
equity,0.0
er,0.0
era,0.0
eroad,0.0
errand,0.0
error,0.0
escalate,0.0
escalated,0.0
escalation,0.0
escrow,0.0
especially,0.0
espresso,0.0
esri,0.0
essence,0.0
essential,0.0
est,0.0
established,0.0
establishes,0.0
establishing,0.0
establishment,0.0
estate,0.0
estimate,0.0
estimating,0.0
estimation,0.0
et,0.0
eta,0.0
ethernet,0.0
ethic,0.0
ethical,0.0
etl,0.0
euro,0.0
eurodyn,0.0
europe,0.0
european,0.0
evaluates,0.0
evaluating,0.0
evaluation,0.0
evangelist,0.0
evening,0.0
everyday,0.0
evidence,0.0
evolution,0.0
evolve,0.0
evolving,0.0
ex,0.0
exactly,0.0
exam,0.0
example,0.0
exceeding,0.0
exceeds,0.0
excellence,0.0
exception,0.0
exceptionally,0.0
excess,0.0
exchange,0.0
excite,0.0
excited,0.0
excitement,0.0
exclusive,0.0
exclusively,0.0
exec,0.0
executed,0.0
executing,0.0
execution,0.0
executive,0.0
exemplary,0.0
exempt,0.0
exercise,0.0
exhibit,0.0
exhibition,0.0
exist,0.0
existing,0.0
exists,0.0
exit,0.0
exp,0.0
expand,0.0
expanded,0.0
expanding,0.0
expands,0.0
expansion,0.0
expansive,0.0
expect,0.0
expectation,0.0
expected,0.0
expenditure,0.0
expense,0.0
expensive,0.0
experiencing,0.0
experiment,0.0
experimentation,0.0
experimenting,0.0
expert,0.0
expertise,0.0
explain,0.0
explaining,0.0
exploration,0.0
explore,0.0
explores,0.0
exploring,0.0
exponential,0.0
export,0.0
exposed,0.0
exposure,0.0
express,0.0
expression,0.0
extend,0.0
extended,0.0
extending,0.0
extension,0.0
extensive,0.0
exterior,0.0
externally,0.0
extra,0.0
extract,0.0
extraordinary,0.0
extreme,0.0
eye,0.0
fabric,0.0
fabrication,0.0
fabrily,0.0
face,0.0
facebook,0.0
faced,0.0
facet,0.0
faceted,0.0
facilitate,0.0
facilitates,0.0
facilitation,0.0
facing,0.0
fact,0.0
factor,0.0
factory,0.0
faculty,0.0
fafceadeaecaedbdfefaae,0.0
fail,0.0
fails,0.0
failure,0.0
fair,0.0
fall,0.0
false,0.0
familiar,0.0
familiarity,0.0
family,0.0
famous,0.0
fan,0.0
fantastic,0.0
fanuc,0.0
far,0.0
fare,0.0
farm,0.0
farmer,0.0
farmigo,0.0
farming,0.0
fashion,0.0
faster,0.0
fault,0.0
favorite,0.0
favourite,0.0
fax,0.0
faxing,0.0
fbn,0.0
fcadfbbdbbffafafabb,0.0
feafacdeeedadfbb,0.0
fearless,0.0
feasibility,0.0
featured,0.0
february,0.0
federal,0.0
fee,0.0
feed,0.0
feeding,0.0
feel,0.0
feeling,0.0
fellow,0.0
fellowship,0.0
female,0.0
festival,0.0
ffebaffdccdcedffbbcecfbdee,0.0
fiber,0.0
file,0.0
filipino,0.0
filled,0.0
filling,0.0
film,0.0
filter,0.0
fin,0.0
final,0.0
finally,0.0
finance,0.0
financially,0.0
financials,0.0
financing,0.0
finding,0.0
fine,0.0
finest,0.0
finger,0.0
finish,0.0
finished,0.0
finishing,0.0
finland,0.0
fintech,0.0
firewall,0.0
firm,0.0
firmware,0.0
fit,0.0
fitness,0.0
fix,0.0
fixed,0.0
fixing,0.0
fixture,0.0
fl,0.0
flagship,0.0
flair,0.0
flash,0.0
flat,0.0
flawless,0.0
fleet,0.0
flex,0.0
flexibility,0.0
flexibly,0.0
flight,0.0
flipping,0.0
flite,0.0
floor,0.0
flooring,0.0
florida,0.0
flourish,0.0
flow,0.0
fluency,0.0
fluent,0.0
fluently,0.0
fluid,0.0
fly,0.0
focal,0.0
focusing,0.0
focussed,0.0
folding,0.0
folk,0.0
follow,0.0
followed,0.0
following,0.0
follows,0.0
font,0.0
food,0.0
foodie,0.0
foosball,0.0
foot,0.0
football,0.0
footprint,0.0
force,0.0
forecast,0.0
forecasting,0.0
forefront,0.0
foreign,0.0
forever,0.0
forget,0.0
forklift,0.0
form,0.0
formal,0.0
format,0.0
formula,0.0
formulate,0.0
formulation,0.0
fort,0.0
forth,0.0
fortune,0.0
forum,0.0
foster,0.0
fostering,0.0
foundation,0.0
founder,0.0
founding,0.0
fragrance,0.0
framework,0.0
france,0.0
franchise,0.0
francisco,0.0
fraud,0.0
freedom,0.0
freelance,0.0
freelancer,0.0
freeze,0.0
freight,0.0
french,0.0
frequency,0.0
frequent,0.0
frequently,0.0
fri,0.0
fridge,0.0
friend,0.0
frontend,0.0
fruit,0.0
ft,0.0
fuel,0.0
fulfill,0.0
fulfilled,0.0
fulfilling,0.0
fulfillment,0.0
fully,0.0
fume,0.0
function,0.0
functional,0.0
functionality,0.0
functionally,0.0
functioning,0.0
fund,0.0
fundamental,0.0
fundamentally,0.0
funded,0.0
funding,0.0
fundraising,0.0
funnel,0.0
furnished,0.0
furniture,0.0
furthermore,0.0
fusion,0.0
ga,0.0
gaap,0.0
gabriel,0.0
gain,0.0
gained,0.0
gaining,0.0
game,0.0
gamer,0.0
gaming,0.0
gamma,0.0
gap,0.0
garden,0.0
gate,0.0
gateway,0.0
gather,0.0
gathering,0.0
gauge,0.0
gazillion,0.0
gear,0.0
gebied,0.0
ged,0.0
geek,0.0
gen,0.0
gender,0.0
generalist,0.0
generally,0.0
generate,0.0
generated,0.0
generates,0.0
generating,0.0
generation,0.0
generator,0.0
generous,0.0
genetic,0.0
genetics,0.0
genuine,0.0
genuinely,0.0
geographic,0.0
geographically,0.0
geography,0.0
georgia,0.0
german,0.0
germany,0.0
getter,0.0
getting,0.0
gi,0.0
gift,0.0
gig,0.0
gimmicky,0.0
git,0.0
github,0.0
given,0.0
giving,0.0
glass,0.0
globally,0.0
gmail,0.0
gmbh,0.0
god,0.0
going,0.0
gold,0.0
goldleaf,0.0
gone,0.0
google,0.0
got,0.0
governance,0.0
government,0.0
governmental,0.0
gps,0.0
grad,0.0
grade,0.0
graduate,0.0
grammar,0.0
grand,0.0
grant,0.0
graph,0.0
graphic,0.0
grasp,0.0
greater,0.0
greatest,0.0
greatness,0.0
greece,0.0
greek,0.0
green,0.0
greet,0.0
greeting,0.0
grid,0.0
grocery,0.0
grooming,0.0
gross,0.0
ground,0.0
groundbreaking,0.0
group,0.0
grow,0.0
grown,0.0
grows,0.0
grunt,0.0
gt,0.0
guarantee,0.0
guaranteed,0.0
guardian,0.0
guest,0.0
gui,0.0
guidance,0.0
guideline,0.0
guiding,0.0
guru,0.0
gust,0.0
guy,0.0
gym,0.0
habit,0.0
hackathons,0.0
hacker,0.0
hacking,0.0
hadoop,0.0
hair,0.0
hall,0.0
hana,0.0
hand,0.0
handle,0.0
handled,0.0
handling,0.0
hansi,0.0
happen,0.0
happened,0.0
happening,0.0
happens,0.0
happier,0.0
happiness,0.0
happy,0.0
harder,0.0
hardware,0.0
hardworking,0.0
harness,0.0
hassle,0.0
hat,0.0
hayes,0.0
hazard,0.0
hb,0.0
head,0.0
heading,0.0
headquartered,0.0
headquarters,0.0
healthcare,0.0
healthier,0.0
healthlink,0.0
healthy,0.0
heard,0.0
hearing,0.0
heart,0.0
heat,0.0
heavily,0.0
heavy,0.0
hebben,0.0
height,0.0
held,0.0
hell,0.0
hellas,0.0
hello,0.0
helpdesk,0.0
helped,0.0
helpful,0.0
helping,0.0
helsinki,0.0
heritage,0.0
hero,0.0
heroku,0.0
het,0.0
hi,0.0
hibernate,0.0
hierarchy,0.0
higher,0.0
highlight,0.0
hill,0.0
hinge,0.0
hire,0.0
hired,0.0
history,0.0
hit,0.0
hobby,0.0
hoc,0.0
hold,0.0
holder,0.0
holding,0.0
holiday,0.0
holistic,0.0
home,0.0
homecare,0.0
homeowner,0.0
honest,0.0
honesty,0.0
hong,0.0
honor,0.0
hootsuite,0.0
hope,0.0
horizon,0.0
hospital,0.0
host,0.0
hosted,0.0
hosting,0.0
hot,0.0
hottest,0.0
hourly,0.0
house,0.0
household,0.0
housekeeping,0.0
housing,0.0
houston,0.0
hp,0.0
hq,0.0
hse,0.0
html,0.0
http,0.0
hub,0.0
hubspot,0.0
hud,0.0
huge,0.0
human,0.0
humble,0.0
humor,0.0
humour,0.0
hunger,0.0
hungry,0.0
hunt,0.0
hunter,0.0
hunting,0.0
hybrid,0.0
hydraulic,0.0
hygiene,0.0
hyper,0.0
ia,0.0
ibex,0.0
ibm,0.0
ice,0.0
ict,0.0
id,0.0
idea,0.0
ideal,0.0
ideally,0.0
ideation,0.0
identification,0.0
identified,0.0
identifies,0.0
identify,0.0
identifying,0.0
identity,0.0
ii,0.0
iii,0.0
il,0.0
illness,0.0
illustration,0.0
illustrator,0.0
image,0.0
imagery,0.0
imagination,0.0
imaginative,0.0
imagine,0.0
imaginet,0.0
imaging,0.0
immediately,0.0
immigration,0.0
impact,0.0
impactful,0.0
impeccable,0.0
imperative,0.0
impersonal,0.0
implementation,0.0
implemented,0.0
implementing,0.0
implication,0.0
import,0.0
importance,0.0
important,0.0
importantly,0.0
impossible,0.0
impression,0.0
impressive,0.0
impromptu,0.0
improved,0.0
improvement,0.0
improves,0.0
improving,0.0
inbound,0.0
incentive,0.0
inception,0.0
incident,0.0
included,0.0
inclusive,0.0
incoming,0.0
incorporate,0.0
incorporates,0.0
increased,0.0
increasing,0.0
increasingly,0.0
incredible,0.0
incrediblue,0.0
incredibly,0.0
incubator,0.0
incumbent,0.0
indent,0.0
independence,0.0
independent,0.0
indesign,0.0
index,0.0
indexing,0.0
india,0.0
indian,0.0
indianapolis,0.0
indicator,0.0
indirect,0.0
individuality,0.0
individually,0.0
indonesian,0.0
induction,0.0
industrial,0.0
influence,0.0
influencer,0.0
influencers,0.0
influencing,0.0
influential,0.0
info,0.0
infographics,0.0
inform,0.0
informal,0.0
informatica,0.0
informative,0.0
informed,0.0
ingenuity,0.0
ingredient,0.0
initial,0.0
initially,0.0
initiating,0.0
initiative,0.0
injection,0.0
injury,0.0
ink,0.0
inn,0.0
innate,0.0
innovate,0.0
innovation,0.0
innovative,0.0
innovator,0.0
inputting,0.0
inquiry,0.0
inserting,0.0
inside,0.0
insight,0.0
insightful,0.0
inspect,0.0
inspection,0.0
inspiration,0.0
inspirational,0.0
inspire,0.0
inspired,0.0
inspires,0.0
inspiring,0.0
instagram,0.0
install,0.0
installation,0.0
installing,0.0
installment,0.0
installs,0.0
instance,0.0
instant,0.0
instantly,0.0
instead,0.0
instinct,0.0
institute,0.0
institution,0.0
institutional,0.0
instruction,0.0
instructional,0.0
instructor,0.0
instrument,0.0
instrumental,0.0
instrumentation,0.0
insure,0.0
integral,0.0
integrate,0.0
integrated,0.0
integrating,0.0
integration,0.0
integrator,0.0
integrity,0.0
intel,0.0
intellectual,0.0
intellectually,0.0
intelligence,0.0
intelligent,0.0
intended,0.0
intense,0.0
intensive,0.0
intent,0.0
inter,0.0
interact,0.0
interacting,0.0
interaction,0.0
interactive,0.0
intercom,0.0
interdisciplinary,0.0
interested,0.0
interesting,0.0
interface,0.0
interfacing,0.0
interim,0.0
interior,0.0
intermediate,0.0
intern,0.0
internally,0.0
international,0.0
internationally,0.0
internship,0.0
interpersonal,0.0
interpret,0.0
interpretation,0.0
interpreter,0.0
interpreting,0.0
intersection,0.0
interview,0.0
interviewing,0.0
intimate,0.0
intimately,0.0
introduce,0.0
introducing,0.0
introduction,0.0
intuition,0.0
intuitive,0.0
invaluable,0.0
inventor,0.0
inventory,0.0
invest,0.0
invested,0.0
investigate,0.0
investigating,0.0
investigation,0.0
investing,0.0
investment,0.0
investor,0.0
invision,0.0
invite,0.0
invited,0.0
invoicing,0.0
involve,0.0
involvement,0.0
involves,0.0
involving,0.0
io,0.0
iota,0.0
ip,0.0
ipad,0.0
ipads,0.0
iphone,0.0
ireland,0.0
irrepressible,0.0
island,0.0
iso,0.0
issued,0.0
italian,0.0
italy,0.0
item,0.0
iterate,0.0
iteration,0.0
iterative,0.0
itil,0.0
itunes,0.0
jack,0.0
jaguar,0.0
james,0.0
janitorial,0.0
january,0.0
japan,0.0
japanese,0.0
javascript,0.0
je,0.0
jee,0.0
jenkins,0.0
jersey,0.0
jet,0.0
jira,0.0
john,0.0
joined,0.0
joining,0.0
joint,0.0
joist,0.0
joomla,0.0
journal,0.0
journalism,0.0
journalist,0.0
journey,0.0
joy,0.0
jquery,0.0
jr,0.0
json,0.0
jsp,0.0
judge,0.0
judgement,0.0
judgment,0.0
juggle,0.0
juice,0.0
july,0.0
jump,0.0
june,0.0
junior,0.0
jurisdiction,0.0
kanban,0.0
kappa,0.0
karting,0.0
keen,0.0
keeping,0.0
kennis,0.0
kept,0.0
kettle,0.0
keyboard,0.0
keyboarding,0.0
keynote,0.0
keyword,0.0
keywords,0.0
kick,0.0
kid,0.0
killer,0.0
kind,0.0
kindle,0.0
kindly,0.0
kingdom,0.0
kit,0.0
kitchen,0.0
kiwi,0.0
klanten,0.0
knack,0.0
kneel,0.0
knit,0.0
abreast,0.0
knowing,0.0
abroad,0.0
knowledgeable,0.0
known,0.0
kong,0.0
kpi,0.0
kpis,0.0
kreuzberg,0.0
la,0.0
lab,0.0
label,0.0
labor,0.0
laboratory,0.0
ladder,0.0
laid,0.0
lake,0.0
lambda,0.0
laminate,0.0
laminating,0.0
lamination,0.0
lamp,0.0
lan,0.0
land,0.0
landing,0.0
landscape,0.0
landscaping,0.0
worry,0.0
laptop,0.0
yes,0.0
larger,0.0
largest,0.0
laser,0.0
lasting,0.0
late,0.0
latentstylecount,0.0
latentstyles,0.0
later,0.0
latest,0.0
latin,0.0
launch,0.0
launched,0.0
launching,0.0
laundry,0.0
law,0.0
lawyer,0.0
lay,0.0
layer,0.0
layout,0.0
lb,0.0
le,0.0
lead,0.0
yeast,0.0
leadership,0.0
abc,0.0
lean,0.0
leapfrog,0.0
absolute,0.0
learned,0.0
learner,0.0
absolutely,0.0
lease,0.0
leasing,0.0
leave,0.0
leaver,0.0
leaving,0.0
led,0.0
ledger,0.0
left,0.0
legacy,0.0
abstract,0.0
legislation,0.0
legislative,0.0
lei,0.0
leisure,0.0
lend,0.0
lender,0.0
lending,0.0
length,0.0
lesaffre,0.0
lesson,0.0
ac,0.0
letter,0.0
letting,0.0
academic,0.0
leverage,0.0
academy,0.0
liaise,0.0
liaising,0.0
liaison,0.0
library,0.0
licence,0.0
license,0.0
licensed,0.0
licensing,0.0
licensure,0.0
lie,0.0
accelerate,0.0
lifecycle,0.0
lifestyle,0.0
lifetime,0.0
lift,0.0
lifting,0.0
light,0.0
lighting,0.0
accelerator,0.0
likely,0.0
likewise,0.0
limit,0.0
limitation,0.0
accent,0.0
accept,0.0
acceptable,0.0
linkedin,0.0
linux,0.0
list,0.0
listed,0.0
listen,0.0
listening,0.0
listing,0.0
literacy,0.0
literally,0.0
literate,0.0
literature,0.0
litigation,0.0
little,0.0
live,0.0
lived,0.0
lively,0.0
acceptance,0.0
llc,0.0
load,0.0
loading,0.0
loan,0.0
lobby,0.0
local,0.0
localization,0.0
locally,0.0
locate,0.0
accepted,0.0
accepting,0.0
locish,0.0
lock,0.0
locked,0.0
locum,0.0
log,0.0
logging,0.0
logic,0.0
logical,0.0
logically,0.0
logistics,0.0
logo,0.0
london,0.0
long,0.0
longer,0.0
look,0.0
zylun,0.0
loop,0.0
los,0.0
loss,0.0
lost,0.0
lot,0.0
loud,0.0
louis,0.0
lounge,0.0
accessibility,0.0
loved,0.0
lover,0.0
loving,0.0
low,0.0
lower,0.0
loyalty,0.0
lsdexception,0.0
luck,0.0
lucky,0.0
lucrative,0.0
accessible,0.0
luxembourg,0.0
luxury,0.0
lyst,0.0
mac,0.0
macbook,0.0
machine,0.0
machinery,0.0
macro,0.0
magazine,0.0
magento,0.0
magic,0.0
magical,0.0
accessory,0.0
mailing,0.0
main,0.0
mainframe,0.0
mainly,0.0
accident,0.0
maintainable,0.0
maintained,0.0
maintaining,0.0
maintains,0.0
accommodate,0.0
major,0.0
majority,0.0
accommodation,0.0
maker,0.0
makeup,0.0
making,0.0
malware,0.0
man,0.0
manage,0.0
managed,0.0
accomplish,0.0
accomplished,0.0
managerial,0.0
manages,0.0
accomplishing,0.0
mandarin,0.0
mandatory,0.0
manhattan,0.0
manipulation,0.0
manner,0.0
manual,0.0
manufacture,0.0
manufacturer,0.0
accomplishment,0.0
map,0.0
mapping,0.0
march,0.0
margin,0.0
marina,0.0
marine,0.0
marital,0.0
mark,0.0
according,0.0
marketer,0.0
accordingly,0.0
marketinvoice,0.0
marketplace,0.0
mass,0.0
massage,0.0
massive,0.0
master,0.0
mastery,0.0
match,0.0
matched,0.0
matching,0.0
material,0.0
math,0.0
mathematical,0.0
mathematics,0.0
matrix,0.0
matter,0.0
mature,0.0
maven,0.0
max,0.0
maximise,0.0
maximize,0.0
account,0.0
maximum,0.0
maybe,0.0
mba,0.0
mclane,0.0
md,0.0
meal,0.0
mean,0.0
meaning,0.0
meaningful,0.0
measurable,0.0
measure,0.0
measured,0.0
measurement,0.0
measuring,0.0
mechanic,0.0
mechanical,0.0
mechanism,0.0
mediamonks,0.0
medical,0.0
medication,0.0
medicine,0.0
accountable,0.0
medopad,0.0
accreditation,0.0
meeting,0.0
melbourne,0.0
accredited,0.0
membership,0.0
memetics,0.0
memorable,0.0
memory,0.0
men,0.0
mental,0.0
mentality,0.0
mention,0.0
mentioned,0.0
mentor,0.0
mentoring,0.0
mentorship,0.0
accuracy,0.0
mercer,0.0
merchandise,0.0
merchandising,0.0
merchant,0.0
merit,0.0
merl,0.0
message,0.0
messaging,0.0
messenger,0.0
met,0.0
metal,0.0
meter,0.0
metering,0.0
method,0.0
methodical,0.0
methodology,0.0
meticulous,0.0
accurate,0.0
metro,0.0
mexico,0.0
mi,0.0
miami,0.0
michigan,0.0
micro,0.0
acedaeeefcffdbdaa,0.0
mid,0.0
middle,0.0
migration,0.0
mile,0.0
mileage,0.0
milestone,0.0
military,0.0
miller,0.0
achieved,0.0
min,0.0
achievement,0.0
minded,0.0
mindset,0.0
mindworks,0.0
miner,0.0
minimal,0.0
minimize,0.0
minimizing,0.0
achiever,0.0
mining,0.0
ministry,0.0
minnesota,0.0
minor,0.0
minute,0.0
miscreant,0.0
misrepresenting,0.0
missing,0.0
mission,0.0
mistake,0.0
mit,0.0
mitigate,0.0
mitigation,0.0
mix,0.0
mm,0.0
achieves,0.0
mobility,0.0
mockups,0.0
mode,0.0
model,0.0
modeling,0.0
modelling,0.0
moderate,0.0
achieving,0.0
modernise,0.0
modification,0.0
modify,0.0
module,0.0
moment,0.0
mon,0.0
monday,0.0
monetization,0.0
acquire,0.0
mongodb,0.0
monica,0.0
monitor,0.0
monitoring,0.0
acquired,0.0
monthly,0.0
morale,0.0
morning,0.0
mortgage,0.0
motion,0.0
motivate,0.0
acquiring,0.0
motivating,0.0
motivation,0.0
motor,0.0
mountain,0.0
mouth,0.0
movement,0.0
movie,0.0
moving,0.0
msc,0.0
mso,0.0
mu,0.0
acquisition,0.0
multicultural,0.0
multidisciplinary,0.0
multilingual,0.0
multimedia,0.0
multinational,0.0
multiple,0.0
multitask,0.0
museum,0.0
music,0.0
mutual,0.0
mutually,0.0
mvc,0.0
mvp,0.0
mysql,0.0
na,0.0
naar,0.0
nac,0.0
nagios,0.0
named,0.0
nast,0.0
nation,0.0
act,0.0
nationality,0.0
nationally,0.0
nationwide,0.0
native,0.0
natural,0.0
naturally,0.0
nature,0.0
navigate,0.0
nbsp,0.0
nc,0.0
nd,0.0
near,0.0
nearby,0.0
nearly,0.0
neat,0.0
necessary,0.0
acting,0.0
action,0.0
negotiable,0.0
negotiate,0.0
negotiating,0.0
negotiation,0.0
neighborhood,0.0
nestle,0.0
net,0.0
netguru,0.0
netherlands,0.0
netlog,0.0
actionable,0.0
networking,0.0
neusoft,0.0
activation,0.0
newest,0.0
newly,0.0
newmarket,0.0
newmedica,0.0
newport,0.0
news,0.0
newsletter,0.0
nfp,0.0
nginx,0.0
nh,0.0
niacet,0.0
nice,0.0
active,0.0
nicosia,0.0
night,0.0
nimble,0.0
ninja,0.0
nj,0.0
node,0.0
nodejs,0.0
noise,0.0
actively,0.0
nonprofit,0.0
norm,0.0
normal,0.0
north,0.0
northern,0.0
northwest,0.0
noshow,0.0
nosql,0.0
notch,0.0
note,0.0
notice,0.0
notification,0.0
notify,0.0
novel,0.0
november,0.0
novitex,0.0
nu,0.0
nuclear,0.0
nuffield,0.0
number,0.0
numerical,0.0
numerous,0.0
nuorder,0.0
actual,0.0
nursing,0.0
nurture,0.0
nurturing,0.0
nutrition,0.0
nutritional,0.0
nvq,0.0
ny,0.0
nyc,0.0
nz,0.0
obiee,0.0
actually,0.0
objection,0.0
objective,0.0
obligation,0.0
observation,0.0
obsess,0.0
obsessed,0.0
obsessive,0.0
obtain,0.0
obtaining,0.0
occasion,0.0
occasional,0.0
occasionally,0.0
occupational,0.0
occur,0.0
october,0.0
oem,0.0
acumen,0.0
offered,0.0
acupuncture,0.0
acute,0.0
officer,0.0
official,0.0
offline,0.0
offs,0.0
ad,0.0
oh,0.0
ohio,0.0
adapt,0.0
ok,0.0
oklahoma,0.0
old,0.0
older,0.0
olive,0.0
om,0.0
omicron,0.0
onboarding,0.0
ongoing,0.0
adaptability,0.0
onshore,0.0
onsite,0.0
ontario,0.0
onze,0.0
oo,0.0
ookla,0.0
oop,0.0
op,0.0
adaptable,0.0
opened,0.0
adapting,0.0
openly,0.0
adaptive,0.0
operated,0.0
operates,0.0
operating,0.0
adcash,0.0
operational,0.0
operator,0.0
opiate,0.0
opinion,0.0
oplossingen,0.0
adccbabdedcacfefefceddbeafb,0.0
ops,0.0
add,0.0
optimal,0.0
optimisation,0.0
optimise,0.0
optimization,0.0
optimize,0.0
optimized,0.0
optimizing,0.0
optimy,0.0
added,0.0
optional,0.0
oracle,0.0
oral,0.0
orally,0.0
orange,0.0
orchestrated,0.0
addfbdedcedfbfa,0.0
ordering,0.0
ordinate,0.0
oreal,0.0
oregon,0.0
organic,0.0
organisation,0.0
organisational,0.0
organise,0.0
organised,0.0
organising,0.0
addiction,0.0
organizational,0.0
organize,0.0
organized,0.0
organizes,0.0
organizing,0.0
orientated,0.0
adding,0.0
additionally,0.0
origin,0.0
original,0.0
origination,0.0
orphan,0.0
os,0.0
osha,0.0
ote,0.0
outbound,0.0
outcome,0.0
outdoor,0.0
outgoing,0.0
outing,0.0
address,0.0
outline,0.0
outlined,0.0
outlook,0.0
outpatient,0.0
output,0.0
outreach,0.0
addressing,0.0
outsourced,0.0
outsourcer,0.0
outsourcing,0.0
outstanding,0.0
overall,0.0
overcome,0.0
overhead,0.0
overnight,0.0
overnights,0.0
overseas,0.0
oversee,0.0
overseeing,0.0
oversees,0.0
oversight,0.0
overtime,0.0
overview,0.0
owned,0.0
adept,0.0
ownership,0.0
owning,0.0
owns,0.0
pa,0.0
pace,0.0
adequate,0.0
pacific,0.0
pack,0.0
adform,0.0
packaged,0.0
packaging,0.0
packing,0.0
padding,0.0
page,0.0
pagination,0.0
adhere,0.0
pain,0.0
painting,0.0
pair,0.0
palo,0.0
palsy,0.0
panel,0.0
papa,0.0
paper,0.0
paperwork,0.0
para,0.0
paragraph,0.0
parallel,0.0
parameter,0.0
paramount,0.0
parcel,0.0
pardon,0.0
parent,0.0
paris,0.0
park,0.0
parking,0.0
participant,0.0
participate,0.0
participates,0.0
participating,0.0
participation,0.0
participatory,0.0
particle,0.0
particular,0.0
particularly,0.0
partner,0.0
adherence,0.0
partnering,0.0
partnership,0.0
party,0.0
pas,0.0
passenger,0.0
passie,0.0
passion,0.0
adhering,0.0
passport,0.0
past,0.0
patch,0.0
patent,0.0
path,0.0
pathway,0.0
patience,0.0
patient,0.0
patio,0.0
pattern,0.0
paulo,0.0
adjust,0.0
payable,0.0
paying,0.0
adjustment,0.0
paypal,0.0
payroll,0.0
pc,0.0
pcp,0.0
peace,0.0
peak,0.0
peel,0.0
peer,0.0
pei,0.0
pending,0.0
penetration,0.0
pension,0.0
adkins,0.0
peoplesoft,0.0
percentage,0.0
admin,0.0
perfection,0.0
perfectly,0.0
administer,0.0
administering,0.0
performed,0.0
performer,0.0
performing,0.0
administration,0.0
perfume,0.0
period,0.0
periodic,0.0
peripheral,0.0
perk,0.0
perl,0.0
administrator,0.0
permit,0.0
perseverance,0.0
persistent,0.0
admission,0.0
persona,0.0
personable,0.0
personagraph,0.0
admitting,0.0
personalisation,0.0
personalised,0.0
adobe,0.0
personalized,0.0
personally,0.0
personnel,0.0
perspective,0.0
persuasive,0.0
pertinent,0.0
pet,0.0
peter,0.0
petrochemical,0.0
adopt,0.0
ph,0.0
pharmaceutical,0.0
pharmacist,0.0
pharmacy,0.0
phase,0.0
phd,0.0
phenomenal,0.0
philadelphia,0.0
philippine,0.0
philosophy,0.0
phoenix,0.0
adopted,0.0
photo,0.0
photograph,0.0
photographer,0.0
photography,0.0
photoshop,0.0
php,0.0
physic,0.0
physical,0.0
physically,0.0
physician,0.0
pi,0.0
pick,0.0
picked,0.0
picking,0.0
pickup,0.0
picture,0.0
pie,0.0
piece,0.0
pilot,0.0
ping,0.0
pint,0.0
pinterest,0.0
pioneer,0.0
pioneering,0.0
pipe,0.0
pipeline,0.0
piping,0.0
pitch,0.0
pitching,0.0
pitney,0.0
pivot,0.0
pivotal,0.0
pixel,0.0
pixlee,0.0
pizza,0.0
pl,0.0
adoption,0.0
placed,0.0
placement,0.0
placing,0.0
adthena,0.0
planet,0.0
planned,0.0
planner,0.0
planning,0.0
plano,0.0
plant,0.0
plastic,0.0
platform,0.0
platinum,0.0
play,0.0
played,0.0
player,0.0
playing,0.0
plc,0.0
pleasant,0.0
plenty,0.0
plugins,0.0
plumbing,0.0
plus,0.0
pm,0.0
pmp,0.0
po,0.0
pocket,0.0
point,0.0
poland,0.0
police,0.0
policy,0.0
polish,0.0
polished,0.0
political,0.0
pompano,0.0
pong,0.0
pool,0.0
popular,0.0
population,0.0
port,0.0
portal,0.0
porter,0.0
portfolio,0.0
portion,0.0
portland,0.0
portuguese,0.0
adult,0.0
positioned,0.0
positioning,0.0
positive,0.0
positively,0.0
possess,0.0
possesses,0.0
possession,0.0
possibility,0.0
possible,0.0
possibly,0.0
post,0.0
postage,0.0
posted,0.0
postgres,0.0
postgresql,0.0
posting,0.0
advanced,0.0
potentially,0.0
pound,0.0
pour,0.0
poverty,0.0
power,0.0
powerbyproxi,0.0
powered,0.0
powerful,0.0
powering,0.0
powerline,0.0
advancement,0.0
powtoon,0.0
pp,0.0
ppc,0.0
pr,0.0
practical,0.0
advantage,0.0
practitioner,0.0
pragmatic,0.0
praise,0.0
pre,0.0
precise,0.0
precision,0.0
predict,0.0
predictive,0.0
prefer,0.0
preferable,0.0
preferably,0.0
preference,0.0
advantageous,0.0
pregnancy,0.0
premier,0.0
premise,0.0
premium,0.0
prep,0.0
preparation,0.0
prepare,0.0
prepared,0.0
prepares,0.0
preparing,0.0
prescription,0.0
presence,0.0
present,0.0
presentation,0.0
presented,0.0
presenting,0.0
preservation,0.0
preserve,0.0
president,0.0
press,0.0
pressure,0.0
prestigious,0.0
pretty,0.0
prevent,0.0
prevention,0.0
preventive,0.0
adventure,0.0
previously,0.0
advertisement,0.0
pricing,0.0
advertiser,0.0
primarily,0.0
primary,0.0
prime,0.0
prince,0.0
principal,0.0
principle,0.0
print,0.0
printed,0.0
printer,0.0
printing,0.0
prior,0.0
prioritise,0.0
prioritization,0.0
prioritize,0.0
prioritizing,0.0
priority,0.0
privacy,0.0
advertising,0.0
privately,0.0
pro,0.0
proactive,0.0
proactively,0.0
probably,0.0
advice,0.0
advise,0.0
adviser,0.0
processed,0.0
processing,0.0
processor,0.0
procurement,0.0
produce,0.0
produced,0.0
producer,0.0
producing,0.0
advising,0.0
production,0.0
productive,0.0
productivity,0.0
profession,0.0
advisor,0.0
professionalism,0.0
professionally,0.0
proficiency,0.0
proficient,0.0
proficio,0.0
profile,0.0
advisory,0.0
profitability,0.0
profitable,0.0
advocacy,0.0
programmatic,0.0
programme,0.0
programmer,0.0
programming,0.0
progress,0.0
progression,0.0
progressive,0.0
advocate,0.0
projection,0.0
prominent,0.0
adwords,0.0
promising,0.0
promote,0.0
promotes,0.0
promoting,0.0
promotion,0.0
promotional,0.0
prompt,0.0
promptly,0.0
proof,0.0
proofreading,0.0
proper,0.0
properly,0.0
aeedddfcbdecfbaefdfecd,0.0
proposal,0.0
propose,0.0
proposed,0.0
proposing,0.0
proposition,0.0
proprietary,0.0
prospect,0.0
prospecting,0.0
prospective,0.0
prosulting,0.0
protect,0.0
protected,0.0
protection,0.0
protocol,0.0
prototype,0.0
prototyping,0.0
proud,0.0
proudly,0.0
prove,0.0
aerial,0.0
aerospace,0.0
provided,0.0
providedairfare,0.0
provider,0.0
aesthetic,0.0
afbfdddfbecafdfecfcdfcfcfddcc,0.0
provision,0.0
provisioning,0.0
psychology,0.0
pt,0.0
pto,0.0
public,0.0
publication,0.0
publish,0.0
published,0.0
publisher,0.0
publishing,0.0
pull,0.0
pump,0.0
punctual,0.0
punctuality,0.0
puppet,0.0
purchase,0.0
purchasing,0.0
pure,0.0
purge,0.0
purpose,0.0
purposeful,0.0
pursue,0.0
pursuing,0.0
pursuit,0.0
push,0.0
pushing,0.0
putting,0.0
python,0.0
qa,0.0
qatar,0.0
qb,0.0
qc,0.0
qformat,0.0
affair,0.0
affect,0.0
qualify,0.0
qualifying,0.0
qualitative,0.0
affiliate,0.0
quantitative,0.0
quantity,0.0
quarter,0.0
quarterly,0.0
qubit,0.0
que,0.0
query,0.0
affinity,0.0
queue,0.0
quick,0.0
quickbooks,0.0
quickest,0.0
quickly,0.0
quiet,0.0
quo,0.0
quota,0.0
quotation,0.0
quote,0.0
quoting,0.0
rabbitmq,0.0
race,0.0
rackspace,0.0
radio,0.0
rail,0.0
raise,0.0
raised,0.0
raising,0.0
ramberg,0.0
ramp,0.0
random,0.0
affirmative,0.0
ranging,0.0
ranked,0.0
ranking,0.0
rapid,0.0
rapidly,0.0
rapidminer,0.0
rapport,0.0
rare,0.0
rate,0.0
rated,0.0
rating,0.0
raw,0.0
ray,0.0
rd,0.0
rdbms,0.0
reach,0.0
reached,0.0
reaching,0.0
react,0.0
read,0.0
reader,0.0
readily,0.0
readiness,0.0
reading,0.0
ready,0.0
real,0.0
realistic,0.0
reality,0.0
realize,0.0
realized,0.0
really,0.0
realreal,0.0
realtor,0.0
reason,0.0
reasonable,0.0
reasoning,0.0
reca,0.0
recall,0.0
receipt,0.0
receivable,0.0
receivables,0.0
receive,0.0
received,0.0
receives,0.0
receiving,0.0
recent,0.0
recently,0.0
reception,0.0
affordable,0.0
recipe,0.0
recipient,0.0
recognised,0.0
recognition,0.0
recognize,0.0
recognized,0.0
recombine,0.0
recommend,0.0
recommendation,0.0
recommended,0.0
recommending,0.0
recommends,0.0
reconcile,0.0
reconciliation,0.0
record,0.0
recorded,0.0
recording,0.0
recover,0.0
recovery,0.0
recruit,0.0
recruiter,0.0
afforded,0.0
affords,0.0
recurring,0.0
red,0.0
redefine,0.0
redefining,0.0
redflex,0.0
redirect,0.0
redis,0.0
reduce,0.0
reducing,0.0
reduction,0.0
refer,0.0
reference,0.0
aficionado,0.0
referred,0.0
referring,0.0
refine,0.0
refined,0.0
reflect,0.0
reflects,0.0
reformation,0.0
regard,0.0
regarded,0.0
regarding,0.0
regardless,0.0
aflac,0.0
regional,0.0
register,0.0
registered,0.0
registration,0.0
regression,0.0
regular,0.0
regularly,0.0
regulation,0.0
regulatory,0.0
rehabilitation,0.0
reimbursed,0.0
reimbursedexcellent,0.0
reimbursement,0.0
reinventing,0.0
relate,0.0
afraid,0.0
relates,0.0
relating,0.0
relation,0.0
relational,0.0
africa,0.0
relative,0.0
relatively,0.0
relaunched,0.0
relaxed,0.0
relay,0.0
release,0.0
releasing,0.0
relentless,0.0
afternoon,0.0
reliability,0.0
ag,0.0
reliably,0.0
relic,0.0
relies,0.0
religion,0.0
relish,0.0
relocate,0.0
age,0.0
rely,0.0
remain,0.0
remarkable,0.0
remediation,0.0
remember,0.0
remodeling,0.0
remote,0.0
remotely,0.0
removal,0.0
remove,0.0
remuneration,0.0
renewable,0.0
renewal,0.0
renovation,0.0
renowned,0.0
rent,0.0
rental,0.0
agenda,0.0
repair,0.0
repeat,0.0
replacing,0.0
replication,0.0
replise,0.0
reply,0.0
aggressive,0.0
reported,0.0
reporting,0.0
repository,0.0
represent,0.0
representation,0.0
aggressively,0.0
represented,0.0
representing,0.0
agile,0.0
reprographics,0.0
reputable,0.0
reputation,0.0
request,0.0
requested,0.0
agility,0.0
agogo,0.0
agreed,0.0
requires,0.0
requiring,0.0
resale,0.0
agreement,0.0
researcher,0.0
researching,0.0
reservation,0.0
reserve,0.0
resident,0.0
residential,0.0
resistance,0.0
resolution,0.0
agriculture,0.0
resolved,0.0
resolving,0.0
ahead,0.0
resourceful,0.0
resourcing,0.0
respect,0.0
respected,0.0
respectful,0.0
respecting,0.0
respective,0.0
respond,0.0
responder,0.0
responding,0.0
responds,0.0
response,0.0
aid,0.0
aide,0.0
responsive,0.0
rest,0.0
aim,0.0
restful,0.0
restoration,0.0
aimed,0.0
resulting,0.0
aiming,0.0
air,0.0
retailer,0.0
retain,0.0
retention,0.0
airbnb,0.0
retreat,0.0
return,0.0
revenue,0.0
reverence,0.0
review,0.0
reviewed,0.0
reviewing,0.0
revising,0.0
revision,0.0
revolution,0.0
revolutionary,0.0
revolutionise,0.0
revolutionize,0.0
revolutionizing,0.0
reward,0.0
rewarded,0.0
rewarding,0.0
rework,0.0
rey,0.0
rfp,0.0
rhb,0.0
rho,0.0
rich,0.0
richard,0.0
ride,0.0
airborne,0.0
rigorous,0.0
rise,0.0
rising,0.0
risk,0.0
river,0.0
riverside,0.0
rn,0.0
road,0.0
roadmap,0.0
robert,0.0
robotics,0.0
robust,0.0
rock,0.0
roi,0.0
roland,0.0
aircraft,0.0
roll,0.0
rollercoaster,0.0
roman,0.0
romania,0.0
rome,0.0
roof,0.0
roofing,0.0
rooftop,0.0
room,0.0
root,0.0
roster,0.0
rotating,0.0
rotation,0.0
round,0.0
rounded,0.0
route,0.0
router,0.0
routine,0.0
routing,0.0
row,0.0
rowband,0.0
royal,0.0
rsquo,0.0
rtb,0.0
ruby,0.0
rule,0.0
airenvy,0.0
running,0.0
russian,0.0
ryanair,0.0
sa,0.0
saas,0.0
safe,0.0
safely,0.0
safety,0.0
said,0.0
sake,0.0
salaried,0.0
salary,0.0
airfare,0.0
salesforce,0.0
salesman,0.0
salesperson,0.0
salon,0.0
salt,0.0
salvador,0.0
sample,0.0
sampling,0.0
samsung,0.0
san,0.0
sanchez,0.0
sanitation,0.0
sans,0.0
santa,0.0
sao,0.0
sap,0.0
sarcastic,0.0
sas,0.0
satellite,0.0
satisfaction,0.0
satisfactorily,0.0
satisfied,0.0
satisfy,0.0
satisfying,0.0
saturday,0.0
saudi,0.0
save,0.0
saving,0.0
savvy,0.0
say,0.0
sc,0.0
scala,0.0
scalability,0.0
scalable,0.0
scale,0.0
scaling,0.0
scan,0.0
scanner,0.0
scanning,0.0
scenario,0.0
scene,0.0
airline,0.0
scheduled,0.0
scheduling,0.0
schema,0.0
schematic,0.0
scheme,0.0
schmuck,0.0
airport,0.0
ajax,0.0
scientific,0.0
scientist,0.0
scope,0.0
scoping,0.0
score,0.0
scorebig,0.0
scotland,0.0
scout,0.0
scrabble,0.0
scratch,0.0
screen,0.0
screened,0.0
screening,0.0
script,0.0
scripting,0.0
scrum,0.0
sdk,0.0
sdlc,0.0
se,0.0
sea,0.0
seabourne,0.0
seamless,0.0
seamlessly,0.0
al,0.0
searching,0.0
season,0.0
seasonal,0.0
seasoned,0.0
seat,0.0
seattle,0.0
second,0.0
secondary,0.0
secret,0.0
section,0.0
sector,0.0
alarm,0.0
secured,0.0
securely,0.0
secures,0.0
securing,0.0
security,0.0
seed,0.0
seeing,0.0
seek,0.0
seeker,0.0
alba,0.0
seen,0.0
segment,0.0
segmentation,0.0
seldom,0.0
select,0.0
selected,0.0
selecting,0.0
selection,0.0
selectus,0.0
selenium,0.0
albany,0.0
sell,0.0
seller,0.0
selling,0.0
sem,0.0
semantic,0.0
semihidden,0.0
alert,0.0
algorithm,0.0
sending,0.0
senior,0.0
align,0.0
sensitive,0.0
sensitivity,0.0
sensor,0.0
sent,0.0
sentence,0.0
seo,0.0
separate,0.0
september,0.0
serf,0.0
serial,0.0
aligned,0.0
serif,0.0
seriously,0.0
alignment,0.0
served,0.0
server,0.0
alike,0.0
servicing,0.0
serving,0.0
session,0.0
allen,0.0
setback,0.0
setter,0.0
setting,0.0
settle,0.0
settlement,0.0
setup,0.0
seven,0.0
sex,0.0
sexual,0.0
sf,0.0
shading,0.0
shall,0.0
shape,0.0
shaped,0.0
shapeways,0.0
shaping,0.0
share,0.0
shared,0.0
shareholder,0.0
sharepoint,0.0
alliance,0.0
sharp,0.0
sheet,0.0
shelf,0.0
shell,0.0
shift,0.0
shine,0.0
shiny,0.0
ship,0.0
shipment,0.0
allocation,0.0
shirt,0.0
shoe,0.0
shoot,0.0
shooting,0.0
shop,0.0
shopper,0.0
shopping,0.0
shore,0.0
shoreditch,0.0
short,0.0
shot,0.0
showcase,0.0
showing,0.0
shy,0.0
shyp,0.0
sick,0.0
siding,0.0
siebel,0.0
siemens,0.0
sight,0.0
allow,0.0
sigmaf,0.0
sign,0.0
signage,0.0
signal,0.0
signature,0.0
signed,0.0
significant,0.0
significantly,0.0
signing,0.0
silicon,0.0
silverstripe,0.0
allowance,0.0
allowed,0.0
simplest,0.0
simplicity,0.0
simplified,0.0
simplify,0.0
simply,0.0
simulation,0.0
simultaneously,0.0
singapore,0.0
singaporean,0.0
single,0.0
sir,0.0
sit,0.0
site,0.0
sitting,0.0
situation,0.0
size,0.0
sized,0.0
sketch,0.0
allowing,0.0
skilled,0.0
skillset,0.0
skin,0.0
skip,0.0
skype,0.0
sla,0.0
sleep,0.0
sleeve,0.0
slide,0.0
sm,0.0
alm,0.0
smaller,0.0
smart,0.0
smarter,0.0
smartest,0.0
smartphone,0.0
sme,0.0
smes,0.0
smgi,0.0
smile,0.0
smooth,0.0
smoothly,0.0
snack,0.0
soa,0.0
soap,0.0
soccer,0.0
sociable,0.0
social,0.0
society,0.0
soft,0.0
alongside,0.0
soho,0.0
solar,0.0
sold,0.0
solely,0.0
solid,0.0
solr,0.0
alpha,0.0
alt,0.0
solver,0.0
solves,0.0
alternative,0.0
soma,0.0
somebody,0.0
son,0.0
sony,0.0
soon,0.0
sophisticated,0.0
sort,0.0
sorting,0.0
sound,0.0
source,0.0
sourced,0.0
sourcing,0.0
south,0.0
southeast,0.0
southern,0.0
sow,0.0
space,0.0
spacing,0.0
spain,0.0
span,0.0
spanish,0.0
spanning,0.0
spare,0.0
spark,0.0
speak,0.0
speaker,0.0
speaking,0.0
spearheading,0.0
spec,0.0
special,0.0
specialise,0.0
specialising,0.0
specialist,0.0
specialization,0.0
specialize,0.0
specialized,0.0
specializes,0.0
specializing,0.0
alto,0.0
amazing,0.0
specifically,0.0
specification,0.0
specified,0.0
specify,0.0
spectacular,0.0
spectrum,0.0
speech,0.0
speed,0.0
speedy,0.0
spelling,0.0
spend,0.0
spending,0.0
spent,0.0
spin,0.0
spirit,0.0
split,0.0
spoken,0.0
sponsor,0.0
sponsored,0.0
sponsorship,0.0
sport,0.0
spot,0.0
spotfire,0.0
spotify,0.0
spotsource,0.0
spouse,0.0
spread,0.0
spreadsheet,0.0
spring,0.0
sprint,0.0
spun,0.0
spurt,0.0
sql,0.0
square,0.0
squiz,0.0
sr,0.0
ssis,0.0
ssrs,0.0
st,0.0
amazon,0.0
stable,0.0
stack,0.0
ambassador,0.0
ambiguity,0.0
stage,0.0
stair,0.0
stake,0.0
stakeholder,0.0
stand,0.0
standard,0.0
standing,0.0
star,0.0
starbucks,0.0
ambition,0.0
started,0.0
starter,0.0
starting,0.0
ambitious,0.0
america,0.0
stated,0.0
statement,0.0
station,0.0
statistic,0.0
statistical,0.0
status,0.0
stay,0.0
staying,0.0
ste,0.0
steady,0.0
steam,0.0
steep,0.0
stellar,0.0
step,0.0
stepout,0.0
stick,0.0
stimulating,0.0
stipend,0.0
ample,0.0
stocked,0.0
stockholm,0.0
stocking,0.0
stokes,0.0
stone,0.0
stoop,0.0
stop,0.0
storage,0.0
store,0.0
stored,0.0
amplifier,0.0
storyboards,0.0
storytelling,0.0
straight,0.0
strategic,0.0
strategically,0.0
strategist,0.0
strategy,0.0
stream,0.0
streaming,0.0
streamline,0.0
streamlined,0.0
streamlining,0.0
street,0.0
strength,0.0
strengthen,0.0
stress,0.0
stressful,0.0
stretch,0.0
strict,0.0
stringent,0.0
strive,0.0
strives,0.0
striving,0.0
amsterdam,0.0
strongly,0.0
structural,0.0
anaheim,0.0
structured,0.0
struggle,0.0
stuck,0.0
student,0.0
studio,0.0
study,0.0
studying,0.0
stuff,0.0
stunning,0.0
style,0.0
styling,0.0
stylist,0.0
sub,0.0
subcontractor,0.0
subject,0.0
submission,0.0
submit,0.0
submitted,0.0
submitting,0.0
subscriber,0.0
subscription,0.0
subsea,0.0
subsidiary,0.0
substantial,0.0
subtitle,0.0
subtle,0.0
subversion,0.0
succeed,0.0
analyse,0.0
analysing,0.0
successfully,0.0
succession,0.0
sufficient,0.0
suggest,0.0
suggestion,0.0
suit,0.0
suitable,0.0
analysis,0.0
suited,0.0
summary,0.0
summaview,0.0
summer,0.0
sunday,0.0
super,0.0
superb,0.0
analyst,0.0
superstar,0.0
supervise,0.0
supervises,0.0
supervising,0.0
supervision,0.0
supervisor,0.0
supervisory,0.0
supplement,0.0
supplemental,0.0
supplier,0.0
supply,0.0
supplying,0.0
analytic,0.0
supported,0.0
supporting,0.0
supportive,0.0
sure,0.0
surface,0.0
surgery,0.0
surprise,0.0
surrounded,0.0
surrounding,0.0
survey,0.0
sustain,0.0
sustainability,0.0
sustainable,0.0
sustained,0.0
svn,0.0
svq,0.0
sw,0.0
sweden,0.0
swedish,0.0
sweet,0.0
swift,0.0
switch,0.0
sydney,0.0
symfony,0.0
symicor,0.0
systematic,0.0
table,0.0
tableau,0.0
tablet,0.0
tackle,0.0
tackling,0.0
tactic,0.0
tactical,0.0
tag,0.0
tailor,0.0
tailored,0.0
taken,0.0
taking,0.0
talent,0.0
analytical,0.0
talk,0.0
talking,0.0
tallinn,0.0
tangible,0.0
tank,0.0
tape,0.0
analytics,0.0
targeted,0.0
targeting,0.0
analyze,0.0
tasked,0.0
tasker,0.0
tasking,0.0
taskus,0.0
taste,0.0
tau,0.0
tax,0.0
taxi,0.0
taxibeat,0.0
tcp,0.0
tdd,0.0
te,0.0
tea,0.0
teach,0.0
teacher,0.0
teaching,0.0
analyzes,0.0
teammate,0.0
teamwork,0.0
analyzing,0.0
techcrunch,0.0
android,0.0
technically,0.0
technician,0.0
technique,0.0
technological,0.0
technologist,0.0
angel,0.0
techstars,0.0
tefl,0.0
tel,0.0
telecom,0.0
angeles,0.0
telecommute,0.0
telemarketing,0.0
telephone,0.0
telesales,0.0
television,0.0
tell,0.0
telling,0.0
temp,0.0
temperature,0.0
template,0.0
temporary,0.0
tenaciously,0.0
tend,0.0
teradata,0.0
angular,0.0
terminal,0.0
termination,0.0
terminology,0.0
territory,0.0
tertiary,0.0
tesol,0.0
angularjs,0.0
tested,0.0
tester,0.0
testing,0.0
texas,0.0
text,0.0
tfs,0.0
th,0.0
animal,0.0
thanks,0.0
theater,0.0
thematic,0.0
theme,0.0
theory,0.0
therapist,0.0
therapy,0.0
thiel,0.0
animated,0.0
animation,0.0
thinker,0.0
thinking,0.0
thirst,0.0
thorough,0.0
thoroughly,0.0
thought,0.0
thoughtful,0.0
anniversary,0.0
thread,0.0
threat,0.0
thrive,0.0
thrives,0.0
thriving,0.0
throw,0.0
thursday,0.0
tibco,0.0
tick,0.0
ticket,0.0
ticketing,0.0
ticketscript,0.0
tidewater,0.0
tied,0.0
tier,0.0
tight,0.0
tightly,0.0
tile,0.0
announced,0.0
timeframes,0.0
timeline,0.0
timely,0.0
timing,0.0
tiny,0.0
tip,0.0
annually,0.0
tobacco,0.0
toc,0.0
today,0.0
tokyo,0.0
tolerance,0.0
tomcat,0.0
tomorrow,0.0
ton,0.0
tone,0.0
tool,0.0
tooling,0.0
toolkit,0.0
topic,0.0
topped,0.0
toronto,0.0
total,0.0
totally,0.0
touch,0.0
tough,0.0
toughest,0.0
annum,0.0
tourism,0.0
answered,0.0
toy,0.0
track,0.0
tracking,0.0
traction,0.0
trade,0.0
tradegecko,0.0
trader,0.0
trading,0.0
traditional,0.0
traffic,0.0
train,0.0
trained,0.0
trainee,0.0
trainer,0.0
anti,0.0
trait,0.0
trak,0.0
transaction,0.0
transactional,0.0
transcribed,0.0
transfer,0.0
transferwise,0.0
transform,0.0
transformation,0.0
transformative,0.0
transforming,0.0
transfusion,0.0
transifex,0.0
transit,0.0
transition,0.0
translate,0.0
translated,0.0
translates,0.0
translating,0.0
translation,0.0
translator,0.0
transparency,0.0
transparent,0.0
transport,0.0
transportation,0.0
trash,0.0
travel,0.0
traveler,0.0
traveling,0.0
travelling,0.0
treat,0.0
treated,0.0
treating,0.0
treatment,0.0
tree,0.0
tremendous,0.0
trend,0.0
tri,0.0
trial,0.0
tried,0.0
trigger,0.0
trip,0.0
tripod,0.0
trouble,0.0
troubleshoot,0.0
troubleshooting,0.0
truck,0.0
true,0.0
truly,0.0
trust,0.0
trusted,0.0
trusting,0.0
trustworthy,0.0
truth,0.0
truthful,0.0
try,0.0
trying,0.0
tstyle,0.0
tuesday,0.0
tuition,0.0
tune,0.0
tuning,0.0
turkish,0.0
turn,0.0
turnaround,0.0
turned,0.0
turning,0.0
turnkey,0.0
turnover,0.0
tutor,0.0
tv,0.0
twice,0.0
twitter,0.0
tx,0.0
anticipate,0.0
typical,0.0
typically,0.0
typing,0.0
typography,0.0
uae,0.0
ubuntu,0.0
ucp,0.0
ui,0.0
uit,0.0
anticipated,0.0
ukraine,0.0
ultimate,0.0
ultimately,0.0
ultra,0.0
umbrella,0.0
uml,0.0
una,0.0
unable,0.0
uncapped,0.0
uncommon,0.0
uncompromised,0.0
uncover,0.0
und,0.0
undergraduate,0.0
underlying,0.0
underpinned,0.0
antonio,0.0
antwerp,0.0
understands,0.0
understood,0.0
undertake,0.0
undertaken,0.0
underwriting,0.0
unhidewhenused,0.0
unified,0.0
uniform,0.0
unify,0.0
union,0.0
unique,0.0
uniquely,0.0
unit,0.0
united,0.0
universal,0.0
universe,0.0
anytime,0.0
unix,0.0
unknown,0.0
unlimited,0.0
unload,0.0
unloading,0.0
ap,0.0
unparalleled,0.0
unplugged,0.0
unprecedented,0.0
unsolicited,0.0
unstructured,0.0
unvarnished,0.0
upbeat,0.0
upcoming,0.0
update,0.0
updated,0.0
updating,0.0
upgrade,0.0
upgrading,0.0
uphold,0.0
upload,0.0
uploading,0.0
upper,0.0
ups,0.0
upsilon,0.0
upstream,0.0
upward,0.0
urban,0.0
urgency,0.0
urgent,0.0
apache,0.0
usa,0.0
usability,0.0
usable,0.0
usage,0.0
usd,0.0
apart,0.0
used,0.0
useful,0.0
apartment,0.0
apcera,0.0
ustwo,0.0
usual,0.0
usually,0.0
ut,0.0
utilise,0.0
utility,0.0
utilization,0.0
utilize,0.0
utilized,0.0
utilizes,0.0
utilizing,0.0
utmost,0.0
ux,0.0
va,0.0
vacancy,0.0
ape,0.0
valetta,0.0
valid,0.0
validate,0.0
validation,0.0
valley,0.0
valor,0.0
valuable,0.0
apex,0.0
valued,0.0
valve,0.0
vam,0.0
van,0.0
vancouver,0.0
variable,0.0
variance,0.0
varied,0.0
variety,0.0
api,0.0
vary,0.0
varying,0.0
vast,0.0
vayu,0.0
vb,0.0
vba,0.0
vc,0.0
vcs,0.0
vega,0.0
vehicle,0.0
vend,0.0
vender,0.0
vendor,0.0
venture,0.0
venue,0.0
apis,0.0
verbally,0.0
verification,0.0
verify,0.0
verifying,0.0
versatile,0.0
versed,0.0
version,0.0
vertical,0.0
vessel,0.0
veteran,0.0
vi,0.0
vibe,0.0
vibrant,0.0
vice,0.0
victor,0.0
app,0.0
view,0.0
viewing,0.0
violation,0.0
viral,0.0
virginia,0.0
virtual,0.0
virtualization,0.0
virtually,0.0
visa,0.0
visibility,0.0
visible,0.0
visio,0.0
vision,0.0
visionary,0.0
apparel,0.0
visiting,0.0
visitor,0.0
visual,0.0
visualization,0.0
visualize,0.0
visually,0.0
vital,0.0
vitality,0.0
viva,0.0
vml,0.0
vmware,0.0
vocabulary,0.0
vocational,0.0
vodafone,0.0
appear,0.0
voip,0.0
volatile,0.0
appearance,0.0
voluntary,0.0
volunteer,0.0
voor,0.0
voucher,0.0
voxburner,0.0
voyageur,0.0
vp,0.0
vpn,0.0
vulnerability,0.0
wa,0.0
apple,0.0
waist,0.0
wait,0.0
waiting,0.0
walk,0.0
walking,0.0
wall,0.0
wan,0.0
appliance,0.0
wanted,0.0
wanting,0.0
warehouse,0.0
warehousing,0.0
warm,0.0
warner,0.0
washington,0.0
waste,0.0
wastewater,0.0
watch,0.0
water,0.0
way,0.0
wcf,0.0
wdm,0.0
wealth,0.0
weapon,0.0
wear,0.0
wearable,0.0
weather,0.0
applied,0.0
webinars,0.0
weblinc,0.0
webmaster,0.0
applies,0.0
wedding,0.0
wednesday,0.0
wedo,0.0
wee,0.0
applying,0.0
weekday,0.0
weekend,0.0
weekly,0.0
weighing,0.0
weight,0.0
welcome,0.0
welcoming,0.0
welfare,0.0
wellbeing,0.0
appointment,0.0
west,0.0
westview,0.0
whatsapp,0.0
wheelchair,0.0
whilst,0.0
white,0.0
whiteboard,0.0
whiteboards,0.0
wholeheartedly,0.0
wholesale,0.0
wicked,0.0
wide,0.0
widely,0.0
wider,0.0
widow,0.0
wifi,0.0
wij,0.0
appraisal,0.0
appreciate,0.0
win,0.0
window,0.0
wine,0.0
winner,0.0
winning,0.0
wire,0.0
wired,0.0
wiredrive,0.0
wireframes,0.0
wireless,0.0
wish,0.0
wishing,0.0
woman,0.0
wonderful,0.0
appreciated,0.0
wordpress,0.0
appreciation,0.0
workable,0.0
apprenticeship,0.0
worker,0.0
workflow,0.0
workforce,0.0
approach,0.0
workload,0.0
workplace,0.0
workshop,0.0
workspace,0.0
workstation,0.0
approachable,0.0
worldwide,0.0
absence,0.0
worth,0.0
wpm,0.0
write,0.0
writer,0.0
writes,0.0
writing,0.0
appropriate,0.0
xcode,0.0
xhtml,0.0
xml,0.0
xp,0.0
yahoo,0.0
appropriately,0.0
yearly,0.0
abbfabcdfabbacdaaf,0.0
aan,0.0
yield,0.0
yoga,0.0
york,0.0
yorkshire,0.0
young,0.0
youth,0.0
youtube,0.0
yr,0.0
zealand,0.0
zend,0.0
zendesk,0.0
zero,0.0
zijn,0.0
zone,0.0
abdbdafbcfbdccbaeeacdeaeded,0.0
